date,chick,feed_today_kg,mortality_today,day_number,batch_id,farm_id,cumulative_mortality,birds_alive,sample_weight_kg,culling,chick_female,chick_male,mortality_female,mortality_male,culling_female,culling_male,batchID,temp,rh,co,nh,feed_per_bird,mortality_rate,prev_weight_kg,daily_weight_gain_kg,rolling_7d_feed,rolling_7d_gain
2023-11-18,0.0,600.0,12.0,2,133,200,42.0,22958.0,0.001686631940978813,,,,,,,,133.0,25.888541666666665,93.69618055555556,514.3993055555555,10.513645833333333,0.026134680721317187,0.0005226936144263438,0.0013023360556925013,0.0003842958852863117,400.0,
2023-11-19,0.0,700.0,7.0,3,133,200,49.0,22951.0,0.0021136273690747155,,,,,,,,133.0,26.229323308270676,93.2827067669173,541.4436090225564,11.740639097744362,0.03049976035902575,0.0003049976035902575,0.001686631940978813,0.0004269954280959026,475.0,
2023-11-20,0.0,500.0,2.0,4,133,200,51.0,22949.0,0.0026046721113850025,,,,,,,,133.0,26.226132404181183,93.64216027874564,538.2926829268292,12.534843205574912,0.0217874417185934,8.714976687437362e-05,0.0021136273690747155,0.000491044742310287,480.0,0.0004341120185641671
2023-12-19,0.04,0.0,0.0,33,133,200,51.0,22949.0,0.0435748834371868,,,,,,,,,,,,,0.0,0.0,0.0026046721113850025,0.0409702113258018,400.0,0.010568136845373576
2023-10-25,0.0,400.0,9.0,2,147,211,25.0,18475.0,0.07451450290477304,,,,,,,,,,,,,0.02165087956698241,0.0004871447902571042,0.05753651490115387,0.016977988003619174,383.3333333333333,
2023-10-26,0.0,450.0,16.0,3,147,211,41.0,18459.0,0.09337893401990548,,,,,,,,,,,,,0.02437835202340322,0.0008667858497210033,0.07451450290477304,0.018864431115132432,400.0,
2023-10-27,0.0,500.0,19.0,4,147,211,60.0,18440.0,0.11507302980230774,,,,,,,,,,,,,0.027114967462039046,0.0010303687635574838,0.09337893401990548,0.021694095782402265,420.0,0.019178838300384624
2023-10-28,0.0,500.0,12.0,5,147,211,72.0,18428.0,0.13959679025197988,,,,,,,,,,,,,0.027132624267419143,0.0006511829824180595,0.11507302980230774,0.02452376044967214,433.3333333333333,0.020515068837706502
2023-10-29,0.0,700.0,8.0,6,147,211,80.0,18420.0,0.16600699381316525,,,,,,,,,,,,,0.038002171552660155,0.00043431053203040176,0.13959679025197988,0.02641020356118537,471.42857142857144,0.021694095782402275
2023-10-30,0.0,850.0,13.0,7,147,211,93.0,18407.0,0.19619008359737714,,,,,,,,,,,,,0.046178084424403756,0.0007062530559026457,0.16600699381316525,0.030183089784211886,521.4285714285714,0.02310892811603721
2023-10-31,0.0,950.0,12.0,8,147,211,105.0,18395.0,0.22825961649310225,,,,,,,,,,,,,0.05164446860559935,0.0006523511823865181,0.19619008359737714,0.03206953289572512,621.4285714285714,0.024389014513135483
2023-11-01,0.0,1050.0,9.0,9,147,211,114.0,18386.0,0.26410203561185386,,,,,,,,,,,,,0.05710866963994343,0.0004895028826280866,0.22825961649310225,0.035842419118751606,714.2857142857143,0.02708393324386869
2023-11-02,0.0,1150.0,10.0,10,147,211,124.0,18376.0,0.3027741193978753,,,,,,,,,,,,,0.06258162821070962,0.000544188071397475,0.26410203561185386,0.03867208378602144,814.2857142857143,0.029913597911138543
2023-11-03,0.0,1250.0,5.0,11,147,211,129.0,18371.0,0.34521908940692325,,,,,,,,,,,,,0.06804202275325241,0.0002721680910130096,0.3027741193978753,0.042444970009047955,921.4285714285714,0.032878008514945066
2023-11-04,0.0,1250.0,4.0,12,147,211,133.0,18367.0,0.39049372408324107,,,,,,,,,,,,,0.06805684107366472,0.0002177818914357271,0.34521908940692325,0.045274634676317815,1028.5714285714287,0.03584241911875159
2023-11-05,0.0,1250.0,5.0,13,147,211,138.0,18362.0,0.43859802342682874,,,,,,,,,,,,,0.06807537305304433,0.00027230149221217734,0.39049372408324107,0.048104299343587675,1107.142857142857,0.038941575659094785
2023-11-06,0.0,1250.0,3.0,14,147,211,141.0,18359.0,0.4895319874376863,,,,,,,,,,,,,0.06808649708589792,0.00016340759300615502,0.43859802342682874,0.050933964010857535,1164.2857142857142,0.041905986262901304
2023-11-07,0.0,1350.0,4.0,15,147,211,145.0,18355.0,0.5432956161158136,,,,,,,,,,,,,0.07354944156905475,0.00021792427131571779,0.4895319874376863,0.053763628678127284,1221.4285714285713,0.04500514280324447
2023-11-08,0.0,1350.0,3.0,16,147,211,148.0,18352.0,0.6008321310169675,,,,,,,,,,,,,0.07356146469049694,0.00016346992153443767,0.5432956161158136,0.05753651490115397,1264.2857142857142,0.04810429934358767
2023-11-09,0.0,1350.0,5.0,17,147,211,153.0,18347.0,0.6611983105853911,,,,,,,,,,,,,0.0735815119638088,0.00027252411838447703,0.6008321310169675,0.060366179568423606,1292.857142857143,0.05120345588393083
2023-11-10,0.0,1450.0,6.0,18,147,211,159.0,18341.0,0.7243941548210848,,,,,,,,,,,,,0.07905784853606673,0.00032713592497682787,0.6611983105853911,0.06319584423569369,1321.4285714285713,0.054167866487737366
2023-11-11,0.0,1500.0,5.0,19,147,211,164.0,18336.0,0.7894764421682916,,,,,,,,,,,,,0.08180628272251309,0.00027268760907504363,0.7243941548210848,0.06508228734720678,1357.142857142857,0.05699753115500722
2023-11-12,0.0,1650.0,6.0,20,147,211,170.0,18330.0,0.858331615738525,,,,,,,,,,,,,0.09001636661211129,0.0003273322422258593,0.7894764421682916,0.06885517357023341,1414.2857142857142,0.05996194175881375
2023-11-13,0.0,1750.0,4.0,21,147,211,174.0,18326.0,0.9290732324202715,,,,,,,,,,,,,0.09549274255156608,0.00021826912583215103,0.858331615738525,0.0707416166817465,1485.7142857142858,0.0627916064260836
2023-11-14,0.0,1750.0,3.0,22,147,211,177.0,18323.0,1.0017012922135313,,,,,,,,,,,,,0.09550837744910767,0.00016372864705561317,0.9290732324202715,0.07262805979325981,1542.857142857143,0.06548652515681683
2023-11-15,0.0,1900.0,7.0,23,147,211,184.0,18316.0,1.077159016674061,,,,,,,,,,,,,0.1037344398340249,0.00038217951517798644,1.0017012922135313,0.07545772446052967,1621.4285714285713,0.06804669795101335
2023-11-16,0.0,2000.0,5.0,24,147,211,189.0,18311.0,1.1554464058018608,,,,,,,,,,,,,0.10922396373764404,0.0002730599093441101,1.077159016674061,0.07828738912779976,1714.2857142857142,0.07060687074520995
2023-11-17,1.18,2250.0,6.0,25,147,211,195.0,18305.0,1.2346770164854168,,,,,,,,,,,,,0.12291723572794319,0.00032777929527451517,1.1554464058018608,0.07923061068355608,1828.5714285714287,0.07289755166633315
2023-11-18,1.27,2400.0,6.0,26,147,211,201.0,18299.0,1.3157940702804862,,,,,,,,,,,,,0.13115470790753594,0.0003278867697688398,1.2346770164854168,0.0811170537950694,1957.142857142857,0.07518823258745637
2023-11-19,1.38,2500.0,11.0,27,147,211,212.0,18288.0,1.3987975671870687,,,,,,,,,,,,,0.13670166229221348,0.0006014873140857392,1.3157940702804862,0.08300349690658249,2078.5714285714284,0.07720942163550625
2023-11-20,1.47,2500.0,6.0,28,147,211,218.0,18282.0,1.4836875072051645,,,,,,,,,,,,,0.1367465266382234,0.0003281916639317361,1.3987975671870687,0.0848899400180958,2185.714285714286,0.07923061068355615
2023-11-21,1.664,2500.0,7.0,29,147,211,225.0,18275.0,1.569520668779017,,,,,,,,,,,,,0.13679890560875513,0.00038303693570451437,1.4836875072051645,0.08583316157385257,2292.8571428571427,0.0811170537950694
2023-11-22,1.757,2500.0,7.0,30,147,211,232.0,18268.0,1.6572402734643827,,,,,,,,,,,,,0.1368513247208233,0.0003831837092183052,1.569520668779017,0.08771960468536566,2378.5714285714284,0.08286875097004597
2023-11-23,1.851,2750.0,6.0,31,147,211,238.0,18262.0,1.7459030997055052,,,,,,,,,,,,,0.1505859161099551,0.0003285510896944475,1.6572402734643827,0.08866282624112243,2485.714285714286,0.0843509562719492
2023-11-24,1.946,3000.0,8.0,32,147,211,246.0,18254.0,1.8355091475023841,,,,,,,,,,,,,0.16434754026514736,0.00043826010737372633,1.7459030997055052,0.08960604779687897,2592.8571428571427,0.08583316157385247
2023-11-25,2.041,3000.0,8.0,33,147,211,254.0,18246.0,1.9251151952992633,,,,,,,,,,,,,0.1644195988161789,0.00043845226350981036,1.8355091475023841,0.0896060477968792,2678.5714285714284,0.08704587500268245
2023-11-26,2.138,3000.0,11.0,34,147,211,265.0,18235.0,2.0166076862076556,,,,,,,,,,,,,0.16451878256100905,0.0006032355360570332,1.9251151952992633,0.09149249090839229,2750.0,0.08825858843151242
2023-11-27,2.235,2500.0,12.0,35,147,211,277.0,18223.0,2.1081001771160475,,,,,,,,,,,,,0.13718926631180375,0.0006585084782966581,2.0166076862076556,0.09149249090839184,2750.0,0.089201809987269
2023-11-28,2.2,2500.0,56.0,36,147,211,333.0,18167.0,2.1995926680244398,,,,,,,,,,,,,0.13761215390543294,0.0030825122474816974,2.1081001771160475,0.09149249090839229,2750.0,0.09001028560648895
2023-12-05,20.0,0.0,0.0,8,174,235,0.0,150.0,20.0,0.0,,,,,,,,,,,,0.0,0.0,17.1900826446281,2.8099173553719012,6.666666666666667,
2023-11-20,0.0,600.0,0.0,2,175,236,0.0,31000.0,0.06888853482809121,18.0,,,,,,,,,,,,0.01935483870967742,0.0,0.05319241296852612,0.015696121859565086,,
2023-11-21,0.0,450.0,0.0,3,175,236,0.0,31000.0,0.08632867022760798,13.0,,,,,,,,,,,,0.014516129032258065,0.0,0.06888853482809121,0.017440135399516776,800.0,
2023-11-22,0.0,650.0,0.0,4,175,236,0.0,31000.0,0.10638482593705224,6.0,,,,,,,,,,,,0.020967741935483872,0.0,0.08632867022760798,0.02005615570944426,762.5,0.01773080432284204
2023-11-23,0.0,650.0,0.0,5,175,236,0.0,31000.0,0.12905700195642403,10.0,,,,,,,,,,,,0.020967741935483872,0.0,0.10638482593705224,0.022672176019371784,740.0,0.018966147246974478
2023-11-24,0.0,800.0,0.0,6,175,236,0.0,31000.0,0.1534731915157475,4.0,,,,,,,,,,,,0.025806451612903226,0.0,0.12905700195642403,0.02441618955932348,750.0,0.02005615570944428
2023-11-25,0.0,950.0,0.0,7,175,236,0.0,31000.0,0.1813774081549743,2.0,,,,,,,,,,,,0.03064516129032258,0.0,0.1534731915157475,0.027904216639226792,778.5714285714286,0.021364165864408032
2023-11-26,0.0,1550.0,0.0,8,175,236,0.0,31000.0,0.2110256383341528,10.0,,,,,,,,,,,,0.05,0.0,0.1813774081549743,0.029648230179178503,807.1428571428571,0.022547603623660956
2023-11-27,0.04,0.0,10.0,9,175,236,10.0,30990.0,0.2441618955932347,4.0,,,,,,,175.0,30.660526315789472,83.91578947368421,1584.9736842105262,2.568157894736842,0.0,0.00032268473701193933,0.2110256383341528,0.0331362572590819,721.4285714285714,0.02503905153787764
2023-11-28,0.0,2350.0,24.0,10,175,236,34.0,30966.0,0.27991417316224404,7.0,,,,,,,175.0,31.232291666666665,82.68298611111112,549.21875,0.6388194444444444,0.07588968546147387,0.0007750435962022863,0.2441618955932347,0.03575227756900934,992.8571428571429,0.027655071847805152
2023-11-29,0.0,1600.0,18.0,11,175,236,52.0,30948.0,0.31915447781115674,7.0,,,,,,,175.0,32.65694444444445,82.04722222222222,447.8854166666667,0.19180555555555556,0.051699625177717465,0.0005816207832493214,0.27991417316224404,0.039240304648912705,1128.5714285714287,0.030395664553443502
2023-11-30,0.0,2500.0,50.0,12,175,236,102.0,30898.0,0.361010802769997,15.0,,,,,,,175.0,30.128819444444446,81.61666666666666,448.7013888888889,0.22864583333333335,0.08091138585021684,0.0016182277170043368,0.31915447781115674,0.04185632495884023,1392.857142857143,0.03313625725908185
2023-12-01,0.0,1900.0,28.0,13,175,236,130.0,30870.0,0.4054831480387648,10.0,,,,,,,175.0,27.99074889867841,87.40456140350877,469.6701754385965,0.13803508771929826,0.06154842889536767,0.0009070294784580499,0.361010802769997,0.04447234526876781,1550.0,0.03600142236043104
2023-12-02,0.0,2000.0,165.0,14,175,236,295.0,30705.0,0.45257151361746,18.0,,,,,,,175.0,28.089895470383276,87.18641114982579,485.42508710801394,0.13602787456445992,0.06513597134017261,0.00537371763556424,0.4054831480387648,0.047088365578695224,1700.0,0.038742015066069384
2023-12-03,0.0,950.0,114.0,15,175,236,409.0,30591.0,0.5022758995060828,20.0,,,,,,,175.0,27.538194444444443,89.78090277777778,489.5,0.13701388888888888,0.03105488542381746,0.0037265862508580956,0.45257151361746,0.04970438588862275,1614.2857142857142,0.04160718016741856
2023-12-04,0.8,2850.0,95.0,16,175,236,504.0,30496.0,0.5554683124746088,20.0,,,,,,,175.0,27.866666666666667,89.22222222222223,490.61805555555554,0.14645833333333333,0.09345487932843652,0.0031151626442812172,0.5022758995060828,0.05319241296852606,2021.4285714285713,0.044472345268767734
2023-12-05,0.0,3000.0,67.0,17,175,236,571.0,30429.0,0.6112767457530625,20.0,,,,,,,175.0,27.835069444444443,89.484375,491.3229166666667,0.16170138888888888,0.09859016070196194,0.0022018469223438167,0.5554683124746088,0.05580843327845364,2114.285714285714,0.047337510370116916
2023-12-06,0.0,2850.0,28.0,18,175,236,599.0,30401.0,0.6697011993414437,10.0,,,,,,,175.0,26.389108910891093,91.07549019607843,492.3137254901961,0.15813725490196076,0.09374691621986118,0.0009210223347916187,0.6112767457530625,0.05842445358838122,2292.8571428571427,0.050078103075755276
2023-12-07,0.0,3050.0,15.0,19,175,236,614.0,30386.0,0.7298696664697765,5.0,,,,,,,,,,,,0.10037517277693675,0.0004936483907062463,0.6697011993414437,0.06016846712833279,2371.4285714285716,0.05269412338568279
2023-12-08,0.0,2600.0,11.0,20,175,236,625.0,30375.0,0.7935261606780127,5.0,,,,,,,,,,,,0.08559670781893004,0.00036213991769547325,0.7298696664697765,0.06365649420823627,2471.4285714285716,0.05543471609132115
2023-12-09,0.0,2700.0,8.0,21,175,236,633.0,30367.0,0.8589266684262006,3.0,,,,,,,,,,,,0.08891230612177693,0.00026344386999045016,0.7935261606780127,0.06540050774818784,2571.4285714285716,0.05805073640124866
2023-12-10,0.0,2850.0,15.0,22,175,236,648.0,30352.0,0.9260711897143401,5.0,,,,,,,175.0,28.7784,86.87039999999999,494.088,0.13584000000000002,0.09389826041117554,0.0004942013705851344,0.8589266684262006,0.06714452128813952,2842.8571428571427,0.06054218431546533
2023-12-11,0.0,3150.0,10.0,23,175,236,658.0,30342.0,0.995831731312407,4.0,,,,,,,,,,,,0.10381649199129919,0.0003295761650517435,0.9260711897143401,0.06976054159806688,2885.714285714286,0.06290905983397117
2023-12-12,0.0,3300.0,18.0,24,175,236,676.0,30324.0,1.0682082932204018,6.0,,,,,,,,,,,,0.10882469331222794,0.000593589236248516,0.995831731312407,0.0723765619079948,2928.5714285714284,0.06527593535247704
2023-12-13,0.0,3750.0,11.0,25,175,236,687.0,30313.0,1.141456861898372,6.0,,,,,,,,,,,,0.1237092996404183,0.00036288061227856037,1.0682082932204018,0.07324856867797025,3057.1428571428573,0.0673936660795612
2023-12-14,0.0,3400.0,10.0,26,175,236,697.0,30303.0,1.2164494441162943,6.0,,,,,,,175.0,27.075,92.5,479.0,0.10333333333333333,0.1122001122001122,0.00033000033000033,1.141456861898372,0.07499258221792227,3107.1428571428573,0.0695113968066454
2023-12-15,0.0,3300.0,8.0,27,175,236,705.0,30295.0,1.2931860398741681,6.0,,,,,,,,,,,,0.10892886614952962,0.00026406997854431423,1.2164494441162943,0.07673659575787384,3207.1428571428573,0.07137998274230792
2023-12-16,0.0,4500.0,9.0,28,175,236,714.0,30286.0,1.3716666491719933,3.0,,,,,,,175.0,28.389999999999997,89.16499999999999,492.95,0.22149999999999997,0.14858350392920822,0.00029716700785841643,1.2931860398741681,0.07848060929782519,3464.285714285714,0.07324856867797039
2023-12-17,0.0,4500.0,12.0,29,175,236,726.0,30274.0,1.4510192652397944,5.0,,,,,,,175.0,28.208333333333332,90.1875,492.0416666666667,0.10625000000000001,0.14864239941864307,0.00039637973178304815,1.3716666491719933,0.07935261606780109,3700.0,0.07499258221792204
2023-12-18,0.0,4850.0,9.0,30,175,236,735.0,30265.0,1.5321158948475475,5.0,,,,,,,,,,,,0.16025111514951265,0.00029737320337022965,1.4510192652397944,0.0810966296077531,3942.8571428571427,0.07661202336216293
2023-12-19,0.0,5900.0,7.0,31,175,236,742.0,30258.0,1.6140845312252763,5.0,,,,,,,,,,,,0.19498975477559655,0.00023134377685240268,1.5321158948475475,0.08196863637772878,4314.285714285715,0.07798231971498207
2023-12-20,0.0,4450.0,8.0,32,175,236,750.0,30250.0,1.696925174372981,4.0,,,,,,,,,,,,0.14710743801652892,0.0002644628099173554,1.6140845312252763,0.08284064314770467,4414.285714285715,0.07935261606780128
2023-12-21,0.0,4500.0,15.0,33,175,236,765.0,30235.0,1.7797658175206856,5.0,,,,,,,,,,,,0.1488341326277493,0.000496113775425831,1.696925174372981,0.08284064314770467,4571.428571428572,0.08047376762919876
2023-12-22,0.0,4800.0,8.0,34,175,236,773.0,30227.0,1.8643504742083419,5.0,,,,,,,,,,,,0.1587984252489496,0.0002646640420815827,1.7797658175206856,0.08458465668765625,4785.714285714285,0.08159491919059625
2023-12-23,0.0,5300.0,22.0,35,175,236,795.0,30205.0,1.9489351308959981,5.0,,,,,,,,,,,,0.17546763780830987,0.0007283562324118523,1.8643504742083419,0.08458465668765625,4900.0,0.08246692596057212
2023-12-24,0.0,5200.0,10.0,36,175,236,805.0,30195.0,2.0335197875836544,5.0,,,,,,,,,,,,0.172213942705746,0.0003311806590495115,1.9489351308959981,0.08458465668765625,5000.0,0.08321436033483713
2023-12-25,0.0,4500.0,12.0,37,175,236,817.0,30183.0,2.1189764510412865,5.0,,,,,,,,,,,,0.1490905476592784,0.00039757479375807575,2.0335197875836544,0.08545666345763214,4950.0,0.08383722231339129
2023-12-26,0.0,4450.0,11.0,38,175,236,828.0,30172.0,2.2035611077289428,5.0,,,,,,,,,,,,0.1474877369746785,0.0003645764284767334,2.1189764510412865,0.08458465668765625,4742.857142857143,0.08421093950052379
2023-12-27,0.0,500.0,14.0,39,175,236,842.0,30158.0,2.2890177711865753,5.0,,,,,,,,,,,,0.016579348763180582,0.0004642217653690563,2.2035611077289428,0.08545666345763259,4178.571428571428,0.08458465668765634
2023-12-28,2.37,0.0,0.0,40,175,236,842.0,30158.0,2.374474434644207,0.0,,,,,,,,,,,,0.0,0.0,2.2890177711865753,0.0854566634576317,3535.714285714286,0.08495837387478877
2023-12-11,0.0,750.0,0.0,2,179,240,0.0,30000.0,0.015809033733562038,,0.07,0.074,18.0,12.0,,,179.0,34.5225352112676,73.72394366197183,1793.0985915492959,0.8408450704225352,0.025,0.0,0.012206975414522585,0.003602058319039453,733.3333333333334,
2023-12-12,0.0,850.0,0.0,3,179,240,0.0,30000.0,0.019811320754716984,,0.0,0.0,10.0,16.0,,,179.0,33.50555555555556,76.99166666666666,1706.65625,0.9611111111111111,0.028333333333333332,0.0,0.015809033733562038,0.004002287021154946,762.5,
2023-12-13,0.0,1050.0,0.0,4,179,240,0.0,30000.0,0.02441395082904517,,0.04104,0.0435,14.0,13.0,,,179.0,33.35208333333333,74.15520833333333,1356.6215277777778,0.6406944444444445,0.035,0.0,0.019811320754716984,0.004602630074328186,820.0,0.004068991804840862
2023-12-14,0.0,1200.0,0.0,5,179,240,0.0,30000.0,0.029616923956546595,,0.131,0.135,11.0,11.0,,,179.0,32.64861111111111,77.62916666666666,1233.6493055555557,0.6253125,0.04,0.0,0.02441395082904517,0.005202973127501426,883.3333333333334,0.004352487135506003
2023-12-15,0.0,1500.0,0.0,6,179,240,0.0,30000.0,0.03522012578616352,,0.0,0.0,3.0,2.0,,,179.0,32.388194444444444,77.34131944444444,996.5625,0.6065972222222222,0.05,0.0,0.029616923956546595,0.005603201829616926,971.4285714285714,0.004602630074328188
2023-12-16,0.0,1250.0,0.0,7,179,240,0.0,30000.0,0.04162378502001143,,0.0,0.0,5.0,5.0,,,179.0,31.99201388888889,79.13749999999999,1051.4479166666667,0.6715277777777778,0.041666666666666664,0.0,0.03522012578616352,0.006403659233847912,1000.0,0.004902801600914808
2023-12-17,0.0,1450.0,0.0,8,179,240,0.0,30000.0,0.048427672955974846,,0.0,0.0,2.0,7.0,,,179.0,31.87979094076655,78.0567944250871,1036.5644599303137,0.6119860627177701,0.04833333333333333,0.0,0.04162378502001143,0.0068038879359634125,1150.0,0.005174385363064609
2023-12-18,0.0,1550.0,0.0,9,179,240,0.0,30000.0,0.05603201829616925,,0.0,0.0,5.0,5.0,,,179.0,31.51076388888889,77.55138888888888,1037.482638888889,0.41784722222222226,0.051666666666666666,0.0,0.048427672955974846,0.007604345340194406,1264.2857142857142,0.005746140651801031
2023-12-19,0.0,1500.0,0.0,10,179,240,0.0,30000.0,0.06423670668953689,,0.31,0.314,4.0,4.0,,,179.0,30.54349593495935,78.51138211382114,870.2113821138212,0.21235772357723579,0.05,0.0,0.05603201829616925,0.008204688393367639,1357.142857142857,0.0063464837049742725
2023-12-20,0.0,2500.0,0.0,11,179,240,0.0,30000.0,0.07324185248713551,,0.0,0.0,5.0,5.0,,,179.0,29.791666666666668,78.44548611111111,613.4513888888889,0.10697916666666668,0.08333333333333333,0.0,0.06423670668953689,0.009005145797598618,1564.2857142857142,0.006975414522584334
2023-12-21,0.0,2200.0,0.0,12,179,240,0.0,30000.0,0.08284734133790739,,0.0,0.0,5.0,4.0,,,179.0,29.06423611111111,81.11354166666666,542.4375,0.08819444444444444,0.07333333333333333,0.0,0.07324185248713551,0.009605488850771879,1707.142857142857,0.007604345340194399
2023-12-22,0.0,2000.0,0.0,13,179,240,0.0,30000.0,0.0930531732418525,,0.0,0.0,3.0,10.0,,,179.0,29.392013888888886,80.61111111111111,628.9305555555555,0.09493055555555556,0.06666666666666667,0.0,0.08284734133790739,0.010205831903945112,1778.5714285714287,0.008261863922241283
2023-12-23,0.0,2000.0,0.0,14,179,240,0.0,30000.0,0.10385934819897086,,0.0,0.0,10.0,10.0,,,179.0,29.431929824561404,81.82385964912281,685.6350877192982,0.09985964912280702,0.06666666666666667,0.0,0.0930531732418525,0.010806174957118359,1885.7142857142858,0.008890794739851346
2023-12-24,0.0,2750.0,0.0,15,179,240,0.0,30000.0,0.11526586620926244,,0.58,0.59,6.0,4.0,,,179.0,28.946180555555557,83.58854166666667,683.2777777777778,0.11145833333333334,0.09166666666666666,0.0,0.10385934819897086,0.011406518010291578,2071.4285714285716,0.009548313321898228
2023-12-25,0.0,3100.0,0.0,16,179,240,0.0,30000.0,0.12747284162378503,,0.0,0.0,4.0,6.0,,,179.0,29.055555555555557,83.6732638888889,668.0520833333334,0.1171875,0.10333333333333333,0.0,0.11526586620926244,0.012206975414522592,2292.8571428571427,0.010205831903945112
2023-12-29,0.0,0.0,0.0,20,179,240,0.0,30000.0,0.18210405946255004,,0.87,0.9,0.0,0.0,,,179.0,28.494444444444444,87.26979166666666,877.4722222222222,0.12041666666666667,0.0,0.0,0.12747284162378503,0.05463121783876501,2078.5714285714284,0.016838193253287594
2024-01-03,0.0,0.0,0.0,25,179,240,0.0,30000.0,0.2619496855345912,,1.2,1.3,0.0,0.0,,,179.0,28.61947194719472,87.16402640264026,777.0429042904291,0.08386138613861387,0.0,0.0,0.18210405946255004,0.07984562607204115,1721.4285714285713,0.026958261863922243
2024-01-08,0.0,0.0,0.0,30,179,240,0.0,30000.0,0.35160091480846195,,1.7,1.85,0.0,0.0,,,179.0,28.41974921630094,88.88683385579938,802.9122257053292,0.10705329153605016,0.0,0.0,0.2619496855345912,0.08965122927387076,1407.142857142857,0.03839336763865065
2024-01-10,4.21,0.0,0.0,32,179,240,0.0,30000.0,0.3894225271583763,,0.0,0.0,0.0,0.0,,,179.0,28.452083333333334,88.11527777777778,792.4409722222222,0.12281249999999999,0.0,0.0,0.35160091480846195,0.037821612349914324,1121.4285714285713,0.04233847913093197
2024-01-13,4.21,0.0,0.0,35,179,240,0.0,30000.0,0.4472555746140652,,2.1,2.3,0.0,0.0,,,,,,,,0.0,0.0,0.3894225271583763,0.0578330474556889,835.7142857142857,0.0490566037735849
2024-01-14,0.0,72950.0,0.0,36,179,240,0.0,30000.0,0.4666666666666667,,0.0,0.0,0.0,108.0,,,,,,,,2.4316666666666666,0.0,0.4472555746140652,0.019411092052601497,10864.285714285714,0.05020011435105775
2023-11-05,0.0,150.0,0.0,2,180,241,0.0,20000.0,0.06749192660613511,7.0,,,,,,,,,,,,0.0075,0.0,0.05211401927815496,0.015377907327980146,716.6666666666666,
2023-11-06,0.0,150.0,7.0,3,180,241,7.0,19993.0,0.08457849030389085,3.0,,,,,,,,,,,,0.007502625919071675,0.0003501225428900115,0.06749192660613511,0.01708656369775574,575.0,
2023-11-07,0.0,300.0,0.0,4,180,241,7.0,19993.0,0.10422803855630992,6.0,,,,,,,,,,,,0.01500525183814335,0.0,0.08457849030389085,0.019649548252419075,520.0,0.01737133975938499
2023-11-08,0.0,300.0,0.0,5,180,241,7.0,19993.0,0.12644057136339237,10.0,,,,,,,,,,,,0.01500525183814335,0.0,0.10422803855630992,0.02221253280708245,483.3333333333333,0.018581638021309355
2023-11-09,0.0,400.0,0.0,6,180,241,7.0,19993.0,0.15036176054025038,14.0,,,,,,,,,,,,0.020007002450857802,0.0,0.12644057136339237,0.02392118917685801,471.42857142857144,0.019649548252419085
2023-11-10,0.0,400.0,0.0,7,180,241,7.0,19993.0,0.1777002624566595,8.0,,,,,,,,,,,,0.020007002450857802,0.0,0.15036176054025038,0.02733850191640913,278.57142857142856,0.02093104052975076
2023-11-11,0.0,650.0,0.0,8,180,241,7.0,19993.0,0.20674742074284427,1.0,,,,,,,,,,,,0.032511378982643925,0.0,0.1777002624566595,0.02904715828618476,335.7142857142857,0.022090485923527046
2023-11-12,0.0,600.0,4.0,9,180,241,11.0,19989.0,0.23921189176858018,14.0,,,,,,,,,,,,0.030016509079993998,0.0002001100605332933,0.20674742074284427,0.03246447102573591,400.0,0.02453142359463501
2023-11-13,0.0,600.0,1.0,10,180,241,12.0,19988.0,0.27423934734897937,2.0,,,,,,,,,,,,0.03001801080648389,5.003001801080648e-05,0.23921189176858018,0.035027455580399186,464.2857142857143,0.027094408149298362
2023-11-14,0.0,600.0,2.0,11,180,241,14.0,19986.0,0.3126841156689298,2.0,,,,,,,,,,,,0.03002101471029721,0.00010007004903432403,0.27423934734897937,0.03844476831995042,507.14285714285717,0.029779439587517127
2023-11-15,0.0,650.0,1.0,12,180,241,15.0,19985.0,0.3536918685435435,2.0,,,,,,,,,,,,0.03252439329497123,5.0037528146109585e-05,0.3126841156689298,0.04100775287461372,557.1428571428571,0.03246447102573587
2023-11-16,0.0,650.0,3.0,13,180,241,18.0,19982.0,0.39726260597282065,2.0,,,,,,,,,,,,0.032529276348713845,0.0001501351216094485,0.3536918685435435,0.04357073742927714,592.8571428571429,0.03527154934751004
2023-11-17,0.0,700.0,4.0,14,180,241,22.0,19978.0,0.4433963279567611,3.0,,,,,,,,,,,,0.0350385423966363,0.00020022024226649314,0.39726260597282065,0.046133721983940446,635.7142857142857,0.03795658078572879
2023-11-18,0.0,750.0,5.0,15,180,241,27.0,19973.0,0.49209303449536484,9.0,,,,,,,,,,,,0.03755069343613879,0.00025033795624092525,0.4433963279567611,0.04869670653860375,650.0,0.04076365910750294
2023-11-19,0.0,850.0,5.0,16,180,241,32.0,19968.0,0.5442070537735199,5.0,,,,,,,,,,,,0.042568108974358976,0.000250400641025641,0.49209303449536484,0.05211401927815501,685.7142857142857,0.04357073742927709
2023-11-20,0.0,850.0,6.0,17,180,241,38.0,19962.0,0.5988840576063381,4.0,,,,,,,,,,,,0.04258090371706242,0.00030057108506161706,0.5442070537735199,0.05467700383281826,721.4285714285714,0.04637781575105125
2023-11-21,0.0,900.0,9.0,18,180,241,47.0,19953.0,0.6561240459938199,3.0,,,,,,,,,,,,0.04510599909788002,0.0004510599909788002,0.5988840576063381,0.05723998838748179,764.2857142857143,0.049062847189270016
2023-11-22,0.0,950.0,10.0,19,180,241,57.0,19943.0,0.715072690751077,5.0,,,,,,,,,,,,0.047635761921476207,0.0005014290728576442,0.6561240459938199,0.05894864475725714,807.1428571428571,0.05162583174393336
2023-11-23,0.0,950.0,5.0,20,180,241,62.0,19938.0,0.7774386482478856,5.0,,,,,,,,,,,,0.04764770789447287,0.0002507774099709098,0.715072690751077,0.06236595749680851,850.0,0.05431086318215213
2023-11-24,0.0,900.0,5.0,21,180,241,67.0,19933.0,0.8415132621144695,2.0,,,,,,,,,,,,0.04515125670997843,0.0002508403150554357,0.7774386482478856,0.06407461386658397,878.5714285714286,0.05687384773681549
2023-11-25,0.0,900.0,4.0,22,180,241,71.0,19929.0,0.9072965323508291,4.0,,,,,,,,,,,,0.04516031913292187,0.00020071252947965277,0.8415132621144695,0.06578327023635955,900.0,0.05931478540792347
2023-11-26,0.0,1050.0,5.0,23,180,241,76.0,19924.0,0.9756427871418518,1.0,,,,,,,,,,,,0.05270026099176872,0.00025095362377032727,0.9072965323508291,0.06834625479102274,928.5714285714286,0.061633676195475995
2023-11-27,0.0,1150.0,2.0,24,180,241,78.0,19922.0,1.0465520264875383,3.0,,,,,,,,,,,,0.057725127999196865,0.00010039152695512498,0.9756427871418518,0.07090923934568649,971.4285714285714,0.0639525669830286
2023-11-28,1.38,1050.0,4.0,25,180,241,82.0,19918.0,1.1183155940181122,2.0,,,,,,,180.0,27.205172413793104,83.89482758620689,900.6379310344828,0.17758620689655175,0.05271613615824882,0.0002008233758409479,1.0465520264875383,0.07176356753057389,992.8571428571429,0.06602736400347033
2023-11-29,0.0,1300.0,2.0,26,180,241,84.0,19916.0,1.191787817918462,2.0,,,,,,,180.0,27.425174825174828,87.24020979020979,840.0594405594405,0.16615384615384615,0.06527415143603134,0.0001004217714400482,1.1183155940181122,0.0734722239003498,1042.857142857143,0.06810216102391213
2023-11-30,0.0,1250.0,1.0,27,180,241,85.0,19915.0,1.2669686981885873,2.0,,,,,,,180.0,27.704504504504502,90.28288288288287,777.7387387387388,0.16855855855855856,0.06276675872457946,5.021340697966357e-05,1.191787817918462,0.07518088027012526,1085.7142857142858,0.0699328642772431
2023-12-01,0.0,1350.0,1.0,28,180,241,86.0,19914.0,1.3438582348284878,1.0,,,,,,,180.0,28.536158192090394,89.32655367231638,652.9830508474577,0.09305084745762711,0.06779150346489907,5.021592849251783e-05,1.2669686981885873,0.0768895366399005,1150.0,0.07176356753057403
2023-12-02,0.0,0.0,2.0,29,180,241,88.0,19912.0,1.421602099653276,2.0,,,,,,,180.0,27.913937282229966,90.02717770034843,696.7526132404181,0.10484320557491289,0.0,0.0001004419445560466,1.3438582348284878,0.07774386482478834,1021.4285714285714,0.07347222390034958
2023-12-03,0.0,1900.0,2.0,30,180,241,90.0,19910.0,1.5010546208478406,0.0,,,,,,,180.0,27.67465277777778,90.84930555555555,717.4201388888889,0.12586805555555555,0.09542943244600703,0.00010045203415369161,1.421602099653276,0.07945252119456447,1142.857142857143,0.07505883338656982
2023-12-04,0.0,1450.0,2.0,31,180,241,92.0,19908.0,1.5813614702272922,2.0,,,,,,,180.0,27.942708333333332,89.38958333333333,676.40625,0.12187500000000001,0.07283504118947157,0.00010046212577858148,1.5010546208478406,0.08030684937945165,1185.7142857142858,0.07640134910567913
2023-12-05,0.0,1400.0,2.0,32,180,241,94.0,19906.0,1.6625226477916322,2.0,,,,,,,180.0,27.854355400696864,90.88919860627178,647.7177700348432,0.11435540069686412,0.07033055360192907,0.00010047221943132724,1.5813614702272922,0.08116117756433994,1235.7142857142858,0.07774386482478857
2023-12-06,0.0,1850.0,2.0,33,180,241,96.0,19904.0,1.7436838253559719,2.0,,,,,,,180.0,27.421602787456447,91.66933797909407,687.2752613240418,0.10484320557491289,0.09294614147909967,0.00010048231511254019,1.6625226477916322,0.08116117756433971,1314.2857142857142,0.07884228677678713
2023-12-07,0.0,1600.0,6.0,34,180,241,102.0,19898.0,1.826553659290087,0.0,,,,,,,180.0,27.343554006968642,91.71358885017422,696.6411149825784,0.10787456445993032,0.08041009146647904,0.0003015378429992964,1.7436838253559719,0.08286983393411518,1364.2857142857142,0.07994070872878568
2023-12-08,0.0,1550.0,3.0,35,180,241,105.0,19895.0,1.9094234932242022,0.0,,,,,,,180.0,28.074216027874566,90.85226480836236,707.6376306620209,0.11498257839721254,0.077909022367429,0.00015079165619502388,1.826553659290087,0.08286983393411518,1392.857142857143,0.0807950369136735
2023-12-09,0.0,1350.0,4.0,36,180,241,109.0,19891.0,1.9922933271583174,0.0,,,,,,,180.0,28.249431818181815,90.0528409090909,723.7670454545455,0.11579545454545453,0.06786989090543462,0.00020109597305313962,1.9094234932242022,0.08286983393411518,1585.7142857142858,0.0815273182150059
2023-12-10,0.0,650.0,4.0,37,180,241,113.0,19887.0,2.0760174892773207,0.0,,,,,,,,,,,,0.03268466837632624,0.00020113642077739227,1.9922933271583174,0.08372416211900324,1407.142857142857,0.08213755263278287
2023-12-11,0.0,1000.0,5.0,38,180,241,118.0,19882.0,2.158887323211436,0.0,,,,,,,,,,,,0.05029675082989639,0.00025148375414948195,2.0760174892773207,0.08286983393411518,1342.857142857143,0.08250369328344909
2023-12-12,0.0,750.0,0.0,39,180,241,118.0,19882.0,2.242611485330439,0.0,,,,,,,,,,,,0.03772256312242229,0.0,2.158887323211436,0.08372416211900324,1250.0,0.08286983393411528
2023-12-13,2.33,400.0,4.0,40,180,241,122.0,19878.0,2.326335647449442,0.0,,,,,,,,,,,,0.020122748767481637,0.00020122748767481639,2.242611485330439,0.0837241621190028,1042.857142857143,0.08323597458478142
2024-03-02,0.0,400.0,0.0,2,242,239,0.0,20000.0,0.0711701243567753,,,,4.0,5.0,0.0,0.0,,,,,,0.02,0.0,0.054954146655231566,0.01621597770154374,,
2024-03-03,0.0,400.0,0.0,3,242,239,0.0,20000.0,0.08918787735849057,,,,2.0,3.0,4.0,5.0,,,,,,0.02,0.0,0.0711701243567753,0.018017753001715264,366.6666666666667,
2024-03-04,0.0,500.0,0.0,4,242,239,0.0,20000.0,0.10990829331046313,,,,4.0,4.0,7.0,7.0,,,,,,0.025,0.0,0.08918787735849057,0.020720415951972562,400.0,0.01831804888507719
2024-03-05,0.0,600.0,0.0,5,242,239,0.0,20000.0,0.13333137221269295,,,,2.0,3.0,1.0,1.0,,,,,,0.03,0.0,0.10990829331046313,0.02342307890222982,440.0,0.019594306389365344
2024-03-06,0.0,700.0,0.0,6,242,239,0.0,20000.0,0.15855622641509434,,,,4.0,4.0,0.0,1.0,,,,,,0.035,0.0,0.13333137221269295,0.025224854202401392,483.3333333333333,0.020720415951972555
2024-03-07,0.0,600.0,0.0,7,242,239,0.0,20000.0,0.18738463121783877,,,,2.0,3.0,1.0,1.0,,,,,,0.03,0.0,0.15855622641509434,0.02882840480274443,500.0,0.0220717474271012
2024-03-08,0.0,1000.0,0.0,8,242,239,0.0,20000.0,0.21801481132075473,,,,3.0,3.0,0.0,0.0,,,,,,0.05,0.0,0.18738463121783877,0.03063018010291596,600.0,0.023294380666503307
2024-03-09,0.0,1350.0,0.0,9,242,239,0.0,20000.0,0.25224854202401376,,,,1.0,2.0,0.0,1.0,,,,,,0.0675,0.0,0.21801481132075473,0.034233730703259024,735.7142857142857,0.025868345381034063
2024-03-10,0.0,1600.0,0.0,10,242,239,0.0,20000.0,0.28918493567753006,,,,1.0,1.0,0.0,1.0,,,,,,0.08,0.0,0.25224854202401376,0.03693639365351631,907.1428571428571,0.028571008331291357
2024-03-11,0.0,800.0,0.0,11,242,239,0.0,20000.0,0.3297248799313894,,,,2.0,3.0,1.0,1.0,,,,,,0.04,0.0,0.28918493567753006,0.04053994425385932,950.0,0.031402369517275174
2024-03-12,0.0,1150.0,0.0,12,242,239,0.0,20000.0,0.37296748713550604,,,,3.0,4.0,0.0,0.0,242.0,31.90379746835443,71.39683544303799,866.7405063291139,0.22620253164556964,0.0575,0.0,0.3297248799313894,0.043242607204116656,1028.5714285714287,0.03423373070325901
2024-03-13,0.0,1250.0,0.0,13,242,239,0.0,20000.0,0.41891275728988003,,,,1.0,2.0,0.0,1.0,242.0,30.15868055555556,75.65381944444444,1053.7881944444443,0.25006944444444446,0.0625,0.0,0.37296748713550604,0.045945270154373996,1107.142857142857,0.037193790124969386
2024-03-14,0.0,1500.0,0.0,14,242,239,0.0,20000.0,0.4675606903945112,,,,3.0,4.0,1.0,1.0,242.0,29.498958333333334,75.20104166666667,1038.454861111111,0.2541319444444444,0.075,0.0,0.41891275728988003,0.04864793310463117,1235.7142857142858,0.0400251513109532
2024-03-15,0.0,1600.0,0.0,15,242,239,0.0,20000.0,0.5189112864493997,,,,3.0,3.0,1.0,1.0,242.0,30.585069444444443,77.85555555555555,1046.111111111111,0.2778125,0.08,0.0,0.4675606903945112,0.05135059605488845,1321.4285714285713,0.04298521073266356
2024-03-16,0.0,1650.0,0.0,16,242,239,0.0,20000.0,0.5738654331046312,,,,2.0,2.0,0.0,1.0,242.0,29.547916666666666,79.98333333333333,993.2881944444445,0.2959722222222222,0.0825,0.0,0.5189112864493997,0.05495414665523157,1364.2857142857142,0.04594527015437393
2024-03-17,0.0,1550.0,0.0,17,242,239,0.0,20000.0,0.63152224271012,,,,7.0,7.0,0.0,0.0,242.0,28.311805555555555,83.44861111111112,871.4479166666666,0.2459027777777778,0.0775,0.0,0.5738654331046312,0.0576568096054888,1357.142857142857,0.04890532957608428
2024-03-18,0.0,1700.0,0.0,18,242,239,0.0,20000.0,0.6918817152658663,,,,3.0,4.0,0.0,0.0,242.0,28.355944055944057,81.80524475524476,840.8811188811189,0.25115384615384617,0.085,0.0,0.63152224271012,0.06035947255574625,1485.7142857142858,0.051736690762068126
2024-03-19,0.0,2200.0,0.0,19,242,239,0.0,20000.0,0.7540429631217839,,,,3.0,3.0,0.0,1.0,242.0,29.624644549763033,81.3473933649289,713.0,0.24014218009478674,0.11,0.0,0.6918817152658663,0.06216124785591759,1635.7142857142858,0.0544393537123254
2024-03-20,0.0,2250.0,0.0,20,242,239,0.0,20000.0,0.8198077615780447,,,,3.0,4.0,0.0,1.0,242.0,28.58880866425993,84.77870036101083,705.3826714801444,0.26382671480144404,0.1125,0.0,0.7540429631217839,0.06576479845626082,1778.5714285714287,0.05727071489830924
2024-03-21,0.0,1800.0,0.0,21,242,239,0.0,20000.0,0.8873743353344768,,,,2.0,2.0,0.0,1.0,242.0,28.823611111111113,82.76736111111111,758.0798611111111,0.19201388888888887,0.09,0.0,0.8198077615780447,0.06756657375643216,1821.4285714285713,0.059973377848566524
2024-03-22,0.0,2900.0,0.0,22,242,239,0.0,20000.0,0.9567426843910808,,,,1.0,2.0,1.0,1.0,242.0,29.132291666666667,81.8423611111111,757.1041666666666,0.19770833333333332,0.145,0.0,0.8873743353344768,0.06936834905660394,2007.142857142857,0.06254734256309731
2024-03-23,0.0,1700.0,0.0,23,242,239,0.0,20000.0,1.0288136963979417,,,,2.0,2.0,0.0,1.0,242.0,28.786805555555556,85.21701388888889,838.8194444444445,0.18378472222222222,0.085,0.0,0.9567426843910808,0.07207101200686095,2014.2857142857142,0.0649926090419015
2024-03-24,0.0,2550.0,0.0,24,242,239,0.0,20000.0,1.1035873713550601,,,,1.0,2.0,0.0,1.0,242.0,28.56704980842912,87.68084291187739,899.7088122605364,0.25306513409961684,0.1275,0.0,1.0288136963979417,0.0747736749571184,2157.1428571428573,0.06743787552070572
2024-03-25,0.0,2400.0,0.0,25,242,239,0.0,20000.0,1.1792619339622643,,,,2.0,3.0,0.0,1.0,242.0,28.628571428571426,87.96480836236934,954.829268292683,0.22425087108013936,0.12,0.0,1.1035873713550601,0.07567456260720418,2257.1428571428573,0.06962574552805686
2024-03-26,0.0,2450.0,0.0,26,242,239,0.0,20000.0,1.25673827186964,,,,2.0,3.0,1.0,1.0,242.0,28.64826388888889,88.44375,877.8472222222222,0.22687500000000002,0.1225,0.0,1.1792619339622643,0.07747633790737574,2292.8571428571427,0.07181361553540802
2024-03-27,0.0,3000.0,0.0,27,242,239,0.0,20000.0,1.3360163850771871,,,,3.0,3.0,1.0,1.0,242.0,28.20659722222222,87.04409722222222,917.8090277777778,0.22027777777777777,0.15,0.0,1.25673827186964,0.07927811320754707,2400.0,0.07374408907130606
2024-03-28,0.0,3400.0,0.0,28,242,239,0.0,20000.0,1.4170962735849058,,,,3.0,4.0,1.0,2.0,242.0,27.864583333333332,87.47951388888889,904.1493055555555,0.2256597222222222,0.17,0.0,1.3360163850771871,0.08107988850771863,2628.5714285714284,0.07567456260720413
2024-03-29,0.0,2700.0,0.0,29,242,239,0.0,20000.0,1.4990770497427102,,,,3.0,3.0,1.0,1.0,242.0,28.641666666666666,88.90347222222222,927.6284722222222,0.26499999999999996,0.135,0.0,1.4170962735849058,0.08198077615780441,2600.0,0.07747633790737563
2024-03-30,0.0,3400.0,0.0,30,242,239,0.0,20000.0,1.582859601200686,,,,4.0,4.0,1.0,1.0,242.0,28.37847222222222,88.72847222222222,954.2534722222222,0.26625000000000004,0.17,0.0,1.4990770497427102,0.08378255145797575,2842.8571428571427,0.0791494149718206
2024-03-31,0.0,3100.0,0.0,31,242,239,0.0,20000.0,1.667543040308748,,,,10.0,10.0,1.0,1.0,242.0,27.39236111111111,89.26180555555555,755.1770833333334,0.2240625,0.155,0.0,1.582859601200686,0.08468343910806198,2921.4285714285716,0.08056509556481253
2024-04-01,0.0,3000.0,0.0,32,242,239,0.0,20000.0,1.7531273670668954,,,,2.0,3.0,0.0,1.0,242.0,28.284374999999997,88.78402777777778,739.5069444444445,0.23802083333333332,0.15,0.0,1.667543040308748,0.08558432675814753,3007.1428571428573,0.08198077615780444
2024-04-02,0.0,1500.0,0.0,33,242,239,0.0,20000.0,1.838711693825043,,,,30.0,30.0,0.0,0.0,242.0,28.666517857142857,87.34241071428572,819.2455357142857,0.22232142857142856,0.075,0.0,1.7531273670668954,0.08558432675814753,2871.4285714285716,0.08313906027934327
2024-04-03,0.0,1350.0,0.0,34,242,239,0.0,20000.0,1.926097795883362,,,,5.0,10.0,2.0,2.0,,,,,,0.0675,0.0,1.838711693825043,0.08738610205831909,2635.714285714286,0.08429734440088213
2024-04-04,2.1,0.0,0.0,35,242,239,0.0,20000.0,2.013483897941681,,,,6.0,6.0,50.0,65.0,,,,,,0.0,0.0,1.926097795883362,0.08738610205831887,2150.0,0.08519823205096788
2024-04-05,2.1,0.0,0.0,36,242,239,0.0,20000.0,2.10087,,,,0.0,0.0,0.0,0.0,,,,,,0.0,0.0,2.013483897941681,0.08738610205831909,1764.2857142857142,0.08597042146532712
2024-03-16,0.13,1200.0,0.0,2,246,83,10.0,490.0,0.07899289063984241,0.0,,,,,,,246.0,27.4205574912892,87.34494773519164,953.3414634146342,18.33519163763066,2.4489795918367347,0.0,0.06099451049405554,0.01799838014578687,,
2024-04-16,2.04,0.0,0.0,33,246,83,10.0,490.0,2.0408163265306123,0.0,,,,,,,246.0,31.471874999999997,77.48958333333333,834.1041666666666,8.51423611111111,0.0,0.0,0.07899289063984241,1.9618234358907698,733.3333333333334,
2024-04-20,0.0,0.0,0.0,2,257,281,0.0,38080.0,0.0009282236384486682,,,0.0,15.0,15.0,15.0,10.0,257.0,33.56,79.92,762.2,2.966,0.0,0.0,0.0007167296448780854,0.00021149399357058278,0.0,
2024-04-21,0.0,0.0,0.0,3,257,281,0.0,38080.0,0.0011632169646382043,,,0.0,21.0,20.0,25.0,0.0,257.0,33.125,81.65,1734.0,10.2975,0.0,0.0,0.0009282236384486682,0.00023499332618953607,0.0,
2024-05-23,0.03,0.0,0.0,35,257,281,0.0,38080.0,0.026260504201680673,,,0.0,0.0,0.0,0.0,0.0,,,,,,0.0,0.0,0.0011632169646382043,0.02509728723704247,0.0,0.008514591518934196
2024-04-17,0.0,500.0,0.0,2,259,196,0.0,32000.0,0.0011045861297539151,,,,18.0,17.0,6.0,5.0,,,,,,0.015625,0.0,0.0008529082774049217,0.0002516778523489934,433.3333333333333,
2024-04-18,0.0,600.0,0.0,3,259,196,0.0,32000.0,0.0013842281879194631,,,,11.0,11.0,6.0,6.0,,,,,,0.01875,0.0,0.0011045861297539151,0.000279642058165548,475.0,
2024-04-19,0.0,900.0,0.0,4,259,196,0.0,32000.0,0.0017058165548098434,,,,19.0,18.0,15.0,16.0,,,,,,0.028125,0.0,0.0013842281879194631,0.0003215883668903803,560.0,0.0002843027591349739
2024-04-20,0.0,1000.0,0.0,5,259,196,0.0,32000.0,0.002069351230425056,,,,11.0,10.0,6.0,7.0,,,,,,0.03125,0.0,0.0017058165548098434,0.0003635346756152124,633.3333333333334,0.0003041107382550335
2024-05-20,0.03,0.0,0.0,35,259,196,0.0,32000.0,0.03125,,,,0.0,0.0,0.0,0.0,259.0,29.565550239234447,83.01148325358852,856.5645933014354,0.31961722488038274,0.0,0.0,0.002069351230425056,0.029180648769574945,542.8571428571429,0.006079418344519015
2024-05-11,0.0,1000.0,12.0,2,267,239,26.0,19974.0,0.10768958527036972,8.0,,,,,,,,,,,,0.05006508460999299,0.0006007810153199159,0.08315271774041207,0.02453686752995765,1033.3333333333333,
2024-05-12,0.0,850.0,6.0,3,267,239,32.0,19968.0,0.13495277141476714,0.0,,,,,,,,,,,,0.042568108974358976,0.00030048076923076925,0.10768958527036972,0.02726318614439742,987.5,
2024-05-13,0.0,1900.0,10.0,4,267,239,42.0,19958.0,0.16630543548082413,2.0,,,,,,,,,,,,0.09519991983164645,0.0005010522096402445,0.13495277141476714,0.031352664066056996,1170.0,0.027717572580137354
2024-05-14,0.0,1850.0,7.0,5,267,239,49.0,19951.0,0.20174757746854075,1.0,,,,,,,,,,,,0.09272718159490752,0.0003508596060347852,0.16630543548082413,0.03544214198771661,1283.3333333333333,0.02964871493203217
2024-05-15,0.0,1150.0,6.0,6,267,239,55.0,19945.0,0.23991603807069706,0.0,,,,,,,,,,,,0.05765856104286789,0.00030082727500626725,0.20174757746854075,0.03816846060215631,1264.2857142857142,0.031352664066057
2024-05-16,0.0,2600.0,14.0,7,267,239,69.0,19931.0,0.2835371359017329,0.0,,,,,,,,,,,,0.13045005268175205,0.0007024233605940495,0.23991603807069706,0.04362109783103585,1478.5714285714287,0.03339740302688681
2024-05-17,0.0,900.0,6.0,8,267,239,75.0,19925.0,0.3298845523472085,0.0,,,,,,,,,,,,0.0451693851944793,0.000301129234629862,0.2835371359017329,0.046347416445475575,1464.2857142857142,0.03524740494382806
2024-05-18,0.0,1700.0,0.0,9,267,239,75.0,19925.0,0.38168460602156357,0.0,,,,,,,,,,,,0.08531994981179424,0.0,0.3298845523472085,0.051800053674355084,1564.2857142857142,0.039142145821599125
2024-05-19,0.0,1450.0,15.0,10,267,239,90.0,19910.0,0.43757413761757824,18.0,,,,,,,,,,,,0.07282772476142642,0.0007533902561526871,0.38168460602156357,0.055889531596014674,1650.0,0.04323162374325873
2024-05-20,0.0,1750.0,19.0,11,267,239,109.0,19891.0,0.49891630644247237,0.0,,,,,,,,,,,,0.08797948821074858,0.0009552058720024132,0.43757413761757824,0.06134216882489413,1628.5714285714287,0.04751583870880689
2024-05-21,0.0,2300.0,20.0,12,267,239,129.0,19871.0,0.5643479531890261,9.0,,,,,,,,,,,,0.11574656534648482,0.0010064918725781289,0.49891630644247237,0.06543164674655372,1692.857142857143,0.05180005367435505
2024-05-22,0.0,1950.0,13.0,13,267,239,142.0,19858.0,0.6338690778572394,1.0,,,,,,,,,,,,0.09819720012085809,0.0006546480008057206,0.5643479531890261,0.06952112466821336,1807.142857142857,0.05627900568379177
2024-05-23,0.0,1950.0,11.0,14,267,239,153.0,19847.0,0.7074796804471124,17.0,,,,,,,,,,,,0.09825162493072001,0.0005542399355066257,0.6338690778572394,0.07361060258987295,1714.2857142857142,0.06056322064933993
2024-05-24,0.0,2300.0,16.0,15,267,239,169.0,19831.0,0.785179760958645,0.0,,,,,,,,,,,,0.11598003126418234,0.000806817608794312,0.7074796804471124,0.07770008051153254,1914.2857142857142,0.06504217265877664
2024-05-25,0.0,2400.0,8.0,16,267,239,177.0,19823.0,0.8683324786990572,4.0,,,,,,,,,,,,0.1210714826211976,0.00040357160873732533,0.785179760958645,0.08315271774041222,2014.2857142857142,0.06952112466821338
2024-05-26,0.0,2200.0,6.0,17,267,239,183.0,19817.0,0.9555746743611286,2.0,,,,,,,,,,,,0.11101579451985669,0.00030277034869051825,0.8683324786990572,0.08724219566207148,2121.4285714285716,0.07400007667765006
2024-05-27,0.0,2300.0,6.0,18,267,239,189.0,19811.0,1.0469063479448601,3.0,,,,,,,,,,,,0.11609711776285901,0.0003028620463378931,0.9555746743611286,0.09133167358373151,2200.0,0.07828429164319825
2024-05-28,0.0,2150.0,7.0,19,267,239,196.0,19804.0,1.1409643401430312,17.0,,,,,,,,,,,,0.10856392647949908,0.0003534639466774389,1.0469063479448601,0.09405799219817101,2178.5714285714284,0.08237376956485787
2024-05-29,0.0,2300.0,3.0,20,267,239,199.0,19801.0,1.2404749695700814,3.0,,,,,,,,,,,,0.11615574970961062,0.00015150749962123124,1.1409643401430312,0.09951062942705025,2228.5714285714284,0.08665798453040599
2024-05-30,0.0,2600.0,9.0,21,267,239,208.0,19792.0,1.3427119176115718,0.0,,,,,,,,,,,,0.13136620856911885,0.00045472918350848826,1.2404749695700814,0.10223694804149042,2321.4285714285716,0.09074746245206564
2024-05-31,0.0,2750.0,8.0,22,267,239,216.0,19784.0,1.447675184267502,2.0,,,,,,,,,,,,0.13900121310149616,0.0004043671653861706,1.3427119176115718,0.10496326665593014,2385.714285714286,0.09464220332983672
2024-06-01,0.0,3100.0,8.0,23,267,239,224.0,19776.0,1.5567279288450913,1.0,,,,,,,,,,,,0.15675566343042072,0.0004045307443365696,1.447675184267502,0.10905274457758929,2485.714285714286,0.09834220716371915
2024-06-02,0.0,2950.0,3.0,24,267,239,227.0,19773.0,1.6698701513443408,3.0,,,,,,,,,,,,0.14919334445961666,0.00015172204521316947,1.5567279288450913,0.11314222249924955,2592.8571428571427,0.10204221099760173
2024-06-03,0.0,3050.0,5.0,25,267,239,232.0,19768.0,1.7843755331508095,2.0,,,,,,,,,,,,0.15428976123027113,0.0002529340348037232,1.6698701513443408,0.11450538180646874,2700.0,0.10535274074370705
2024-06-04,0.0,1750.0,10.0,26,267,239,242.0,19758.0,1.9016072335717185,2.0,,,,,,,,,,,,0.08857171778520093,0.0005061241016297196,1.7843755331508095,0.11723170042090891,2642.8571428571427,0.10866327048981247
2024-06-05,2.04,600.0,4.0,27,267,239,246.0,19754.0,2.021565252607067,2.0,,,,,,,,,,,,0.030373595221221017,0.00020249063480814013,1.9016072335717185,0.11995801903534864,2400.0,0.11158432614814082
2024-06-09,2.1,2500.0,15.0,2,293,211,44.0,17956.0,2.05006126085988,,,,,,,,,,,,,0.1392292269993317,0.0008353753619959902,1.5829586950943375,0.4671025657655423,2366.6666666666665,
2024-09-14,0.085,6.0,0.0,2,307,83,1.0,508.0,0.017864441622830886,,,,,,,,307.0,27.386458333333334,84.69097222222223,1901.451388888889,394.9217013888889,0.011811023622047244,0.0,0.013794062518894732,0.004070379103936154,6.0,
2024-09-15,0.1,8.0,1.0,3,307,83,2.0,507.0,0.022387085071648827,,,,,,,,307.0,26.813240418118465,86.10452961672473,2035.128919860627,393.36,0.015779092702169626,0.0019723865877712033,0.017864441622830886,0.004522643448817941,6.5,
2024-09-16,0.13,10.0,2.0,4,307,83,4.0,505.0,0.027588125037789464,,,,,,,,307.0,26.882926829268293,88.14634146341463,2083.5400696864112,393.36,0.019801980198019802,0.0039603960396039604,0.022387085071648827,0.005201039966140637,7.2,0.004598020839631577
2024-09-17,0.15,17.25,1.0,5,307,83,5.0,504.0,0.03346756152125279,,,,,,,,307.0,26.255555555555556,89.35069444444444,1898.7118055555557,405.2395833333333,0.03422619047619048,0.001984126984126984,0.027588125037789464,0.005879436483463327,8.875,0.004918374750589515
2024-09-18,0.175,21.0,3.0,6,307,83,8.0,501.0,0.039799262349597915,,,,,,,,307.0,26.02013888888889,89.07986111111111,1912.7256944444443,381.54100694444446,0.041916167664670656,0.005988023952095809,0.03346756152125279,0.006331700828345124,10.607142857142858,0.005201039966140636
2024-09-19,0.21,23.0,1.0,7,307,83,9.0,500.0,0.04703549186770663,,,,,,,,307.0,26.23554006968641,89.42857142857143,1882.8257839721255,401.29839721254353,0.046,0.002,0.039799262349597915,0.0072362295181087125,13.035714285714286,0.005540238224801983
2024-09-20,0.255,23.0,0.0,8,307,83,9.0,500.0,0.05472398573069714,,,,,,,,307.0,26.518118466898954,88.7560975609756,1936.7351916376306,375.1181881533101,0.046,0.0,0.04703549186770663,0.00768849386299051,15.464285714285714,0.0058471318874003435
2024-09-21,0.31,23.0,0.0,9,307,83,9.0,500.0,0.06331700828345124,,,,,,,,307.0,26.168750000000003,90.86805555555556,1936.4583333333333,395.4991666666667,0.046,0.0,0.05472398573069714,0.008593022552754105,17.892857142857142,0.006493223808660052
2024-09-22,0.36,23.0,1.0,10,307,83,10.0,499.0,0.07258842735352801,,,,,,,,307.0,25.805555555555557,93.00694444444444,1173.8368055555557,393.36,0.04609218436873747,0.002004008016032064,0.06331700828345124,0.009271419070076767,20.035714285714285,0.00717162032598274
2024-09-23,0.37,28.3,0.0,11,307,83,10.0,499.0,0.08276437511336839,,,,,,,,307.0,26.27972027972028,90.77972027972028,1481.6468531468531,397.6246503496504,0.056713426853707415,0.0,0.07258842735352801,0.010175947759840376,22.650000000000002,0.007882321439368418
2024-09-24,0.4,36.0,0.0,12,307,83,10.0,499.0,0.09361871939053146,,,,,,,,307.0,27.231944444444444,87.01041666666667,1828.6319444444443,393.3601388888889,0.07214428857715431,0.0,0.08276437511336839,0.010854344277163072,25.32857142857143,0.008593022552754096
2024-09-25,0.47,44.0,0.0,13,307,83,10.0,499.0,0.10515146018501724,,,,,,,,307.0,27.197222222222223,88.17361111111111,1617.3090277777778,392.6645138888889,0.08817635270541083,0.0,0.09361871939053146,0.011532740794485782,28.614285714285717,0.009336028262202761
2024-09-26,0.565,44.0,0.0,14,307,83,10.0,499.0,0.11736259749682568,,,,,,,,307.0,27.44148936170213,86.7482269503546,1753.3333333333333,394.7951063829787,0.08817635270541083,0.0,0.10515146018501724,0.012211137311808437,31.614285714285717,0.010046729375588436
2024-09-27,0.64,44.0,0.0,15,307,83,10.0,499.0,0.1302521313259568,,,,,,,,307.0,28.300694444444446,83.92013888888889,1937.9131944444443,393.36,0.08817635270541083,0.0,0.11736259749682568,0.012889533829131133,34.614285714285714,0.010789735085037097
2024-09-28,0.715,52.0,0.0,16,307,83,10.0,499.0,0.14404619384485157,,,,,,,,307.0,27.659574468085108,86.89007092198581,1737.4397163120568,393.36014184397163,0.10420841683366733,0.0,0.1302521313259568,0.013794062518894756,38.75714285714286,0.01153274079448576
2024-09-29,0.79,60.0,1.0,17,307,83,11.0,498.0,0.15851865288106895,,,,,,,,307.0,26.327622377622376,91.47902097902097,1794.9405594405594,394.0593006993007,0.12048192771084337,0.002008032128514056,0.14404619384485157,0.014472459036217383,44.042857142857144,0.01227574650393442
2024-09-30,0.88,60.0,1.0,18,307,83,12.0,497.0,0.1736695084346091,,,,,,,,307.0,26.609407665505227,91.69686411149826,1890.7003484320558,394.6377003484321,0.12072434607645875,0.002012072434607646,0.15851865288106895,0.015150855553540149,48.57142857142857,0.012986447617320101
2024-10-01,0.925,70.0,1.0,19,307,83,13.0,496.0,0.189272628333031,,,,,,,,307.0,26.485069444444445,92.22222222222223,2024.482638888889,404.2275,0.14112903225806453,0.0020161290322580645,0.1736695084346091,0.015603119898421891,53.42857142857143,0.01366484413464279
2024-10-02,1.065,70.0,0.0,20,307,83,13.0,496.0,0.2057802769212165,,,,,,,,307.0,26.447569444444444,90.37152777777777,1673.6180555555557,393.36,0.14112903225806453,0.0,0.189272628333031,0.016507648588185514,57.142857142857146,0.014375545248028466
2024-10-03,1.13,53.5,0.0,21,307,83,13.0,496.0,0.2227401898542838,,,,,,,,307.0,26.07909407665505,91.26132404181185,1972.0383275261324,392.00111498257843,0.10786290322580645,0.0,0.2057802769212165,0.016959912933067284,58.5,0.015053941765351159
2024-10-04,1.245,58.7,1.0,22,307,83,14.0,495.0,0.2401523671322329,,,,,,,,307.0,26.687152777777776,89.61458333333333,1941.5659722222222,393.36,0.11858585858585859,0.00202020202020202,0.2227401898542838,0.01741217727794911,60.6,0.01570003368661087
2024-10-05,1.36,80.0,1.0,23,307,83,15.0,494.0,0.25824294092750466,,,,,,,,307.0,26.722569444444446,89.86805555555556,1752.3229166666667,393.3596527777778,0.16194331983805668,0.0020242914979757085,0.2401523671322329,0.018090573795271764,64.6,0.016313821011807585
2024-10-06,1.48,100.0,1.0,24,307,83,16.0,493.0,0.27701191124009916,,,,,,,,307.0,26.882926829268293,87.92682926829268,2122.5052264808364,397.23616724738673,0.2028397565922921,0.002028397565922921,0.25824294092750466,0.018768970312594502,70.31428571428572,0.016927608337004317
2024-10-07,1.58,59.1,0.0,25,307,83,16.0,493.0,0.29600701372513455,,,,,,,,307.0,27.033333333333335,89.32638888888889,2103.3020833333335,395.09611111111116,0.11987829614604463,0.0,0.27701191124009916,0.018995102485035387,70.18571428571428,0.017476786470075063
2024-10-08,1.71,60.0,0.0,26,307,83,16.0,493.0,0.31545438055505165,,,,,,,,307.0,26.459027777777777,90.80902777777777,1596.9479166666667,397.04798611111113,0.12170385395537525,0.0,0.29600701372513455,0.0194473668299171,68.75714285714285,0.01802596460314581
2024-10-09,1.815,97.75,1.0,27,307,83,17.0,492.0,0.3353540117298507,,,,,,,,307.0,26.2274678111588,90.66094420600858,2276.961373390558,394.98004291845496,0.19867886178861788,0.0020325203252032522,0.31545438055505165,0.019899631174799037,72.72142857142856,0.018510533544090598
2024-10-10,1.9,80.0,1.0,28,307,83,18.0,491.0,0.3557059072495314,,,,,,,,307.0,27.001388888888886,90.46875,1972.888888888889,398.7737152777778,0.1629327902240326,0.002036659877800407,0.3353540117298507,0.020351895519680696,76.50714285714285,0.01899510248503537
2024-10-11,1.99,99.8,0.0,29,307,83,18.0,491.0,0.376283934941653,,,,,,,,307.0,26.896875,91.0,2086.878472222222,398.419375,0.20325865580448066,0.0,0.3557059072495314,0.020578027692121637,82.37857142857142,0.01944736682991716
2024-10-12,2.035,59.9,0.0,30,307,83,18.0,491.0,0.3973142269786565,,,,,,,,307.0,26.791319444444444,89.61458333333333,2250.934027777778,392.9221527777778,0.1219959266802444,0.0,0.376283934941653,0.021030292037003462,79.50714285714285,0.019867326578735973
2024-10-13,2.16,100.0,3.0,31,307,83,21.0,488.0,0.4185706511881008,,,,,,,,307.0,26.85993031358885,91.16724738675958,2170.0871080139373,395.14027874564465,0.20491803278688525,0.006147540983606557,0.3973142269786565,0.02125642420944429,79.50714285714285,0.0202226771354288
2024-10-14,2.185,80.0,1.0,32,307,83,22.0,487.0,0.44005320756998606,,,,,,,,307.0,26.439583333333335,92.95486111111111,2089.3194444444443,400.6621875,0.16427104722792607,0.002053388090349076,0.4185706511881008,0.021482556381885287,82.49285714285713,0.020578027692121643
2024-10-15,2.22,80.0,1.0,33,307,83,23.0,486.0,0.4615357639518713,,,,,,,,307.0,26.39409722222222,90.75694444444444,2361.53125,393.3717013888889,0.1646090534979424,0.00205761316872428,0.44005320756998606,0.02148255638188523,85.35,0.02086876905668852
2024-10-16,2.36,100.1,4.0,34,307,83,27.0,482.0,0.4834705846786383,,,,,,,,307.0,26.552961672473867,91.10801393728222,2255.3135888501743,394.41923344947736,0.20767634854771783,0.008298755186721992,0.4615357639518713,0.021934820726767,85.68571428571428,0.021159510421255374
2024-10-17,2.51,-75.0,1.0,35,307,83,28.0,481.0,0.5054054054054054,,,,,,,,307.0,28.427083333333332,85.70486111111111,2266.6180555555557,393.3565277777778,-0.15592515592515593,0.002079002079002079,0.4834705846786383,0.021934820726767057,63.54285714285714,0.02138564259369628
2024-11-09,0.0,1450.0,4.0,2,347,239,12.0,19988.0,0.111231964702684,1.0,,,,,,,,,,,,0.0725435261156694,0.00020012007204322593,0.08588797274511044,0.02534399195757356,1250.0,
2024-11-10,0.0,1550.0,6.0,3,347,239,18.0,19982.0,0.13939195576665464,0.0,,,,,,,,,,,,0.07756981283154839,0.000300270243218897,0.111231964702684,0.028159991063970644,1325.0,
2024-11-11,0.0,1800.0,4.0,4,347,239,22.0,19978.0,0.17177594549022088,2.0,,,,,,,,,,,,0.09009910901992191,0.00020022024226649314,0.13939195576665464,0.03238398972356624,1420.0,0.028629324248370145
2024-11-12,0.0,1700.0,6.0,5,347,239,28.0,19972.0,0.2083839338733827,4.0,,,,,,,,,,,,0.08511916683356699,0.0003004205888243541,0.17177594549022088,0.036607988383161816,1466.6666666666667,0.030623990282068064
2024-11-13,0.0,1950.0,6.0,6,347,239,34.0,19966.0,0.24780792136294155,0.0,,,,,,,,,,,,0.09766603225483321,0.0003005108684764099,0.2083839338733827,0.03942398748955886,1535.7142857142858,0.03238398972356622
2024-11-14,0.0,1800.0,8.0,7,347,239,42.0,19958.0,0.2928639070652946,0.0,,,,,,,,,,,,0.09018939773524401,0.0004008417677121956,0.24780792136294155,0.04505598570235303,1628.5714285714287,0.03449598905336402
2024-11-15,0.0,1950.0,7.0,8,347,239,49.0,19951.0,0.3407358918740446,0.0,,,,,,,,,,,,0.09773946168111874,0.0003508596060347852,0.2928639070652946,0.047871984808750045,1742.857142857143,0.03640684558984774
2024-11-16,0.0,2000.0,6.0,9,347,239,55.0,19945.0,0.39423987489558887,1.0,,,,,,,,,,,,0.10027575833542242,0.00030082727500626725,0.3407358918740446,0.053503983021544244,1821.4285714285713,0.04042970145612927
2024-11-17,0.0,2050.0,4.0,10,347,239,59.0,19941.0,0.45196785657672867,1.0,,,,,,,,,,,,0.1028032696454541,0.00020059174564966651,0.39423987489558887,0.057727981681139795,1892.857142857143,0.04465370011572486
2024-11-18,0.0,1550.0,4.0,11,347,239,63.0,19937.0,0.5153278364706626,0.0,,,,,,,,,,,,0.07774489642373476,0.00020063199077092843,0.45196785657672867,0.06335997989393394,1857.142857142857,0.04907884156863453
2024-11-19,0.0,2050.0,3.0,12,347,239,66.0,19934.0,0.5829118150241921,1.0,,,,,,,,,,,,0.10283936992073844,0.00015049663890839772,0.5153278364706626,0.06758397855352949,1907.142857142857,0.0535039830215442
2024-11-20,0.0,2250.0,7.0,13,347,239,73.0,19927.0,0.6547197922373172,0.0,,,,,,,,,,,,0.11291212927184223,0.00035128217995684247,0.5829118150241921,0.07180797721312515,1950.0,0.05813026726776795
2024-11-21,0.0,2500.0,3.0,14,347,239,76.0,19924.0,0.7307517681100378,4.0,,,,,,,,,,,,0.12547681188516363,0.00015057217426219636,0.6547197922373172,0.07603197587272059,2050.0,0.06255540872067761
2024-11-22,0.0,2250.0,4.0,15,347,239,80.0,19920.0,0.8110077426423541,2.0,,,,,,,,,,,,0.11295180722891567,0.00020080321285140563,0.7307517681100378,0.08025597453231625,2092.8571428571427,0.06718169296690135
2024-11-23,0.0,2350.0,10.0,16,347,239,90.0,19910.0,0.8968957153874647,2.0,,,,,,,,,,,,0.11803114013058764,0.0005022601707684581,0.8110077426423541,0.08588797274511062,2142.8571428571427,0.07180797721312512
2024-11-24,0.0,2350.0,10.0,17,347,239,100.0,19900.0,0.9870076867921705,0.0,,,,,,,,,,,,0.11809045226130653,0.0005025125628140704,0.8968957153874647,0.09011197140470584,2185.714285714286,0.07643426145934884
2024-11-25,0.0,2650.0,9.0,18,347,239,109.0,19891.0,1.0813436568564725,3.0,,,,,,,,,,,,0.13322608214770498,0.0004524659393695641,0.9870076867921705,0.09433597006430194,2342.8571428571427,0.08085940291225856
2024-11-26,0.0,2750.0,30.0,19,347,239,139.0,19861.0,1.178495626027171,5.0,,,,,,,,,,,,0.13846231307587734,0.0015104979608277528,1.0813436568564725,0.09715196917069857,2442.8571428571427,0.08508340157185414
2024-11-27,0.0,3050.0,20.0,20,347,239,159.0,19841.0,1.2812795934106638,8.0,,,,,,,,,,,,0.15372209062043243,0.0010080137089864421,1.178495626027171,0.10278396738349271,2557.1428571428573,0.08950854302476378
2024-11-28,0.0,3200.0,33.0,21,347,239,192.0,19808.0,1.3868795599005537,0.0,,,,,,,,,,,,0.16155088852988692,0.0016659935379644587,1.2812795934106638,0.1055999664898899,2657.1428571428573,0.0937325416843594
2024-11-29,0.0,3350.0,28.0,22,347,239,220.0,19780.0,1.4952955254968407,2.0,,,,,,,,,,,,0.16936299292214357,0.0014155712841253793,1.3868795599005537,0.10841596559628708,2814.285714285714,0.09775539755064096
2024-11-30,0.0,3400.0,14.0,23,347,239,234.0,19766.0,1.607935489752723,3.0,,,,,,,,,,,,0.1720125467975311,0.0007082869574015987,1.4952955254968407,0.11263996425588219,2964.285714285714,0.10157711062360832
2024-12-01,0.0,3350.0,16.0,24,347,239,250.0,19750.0,1.7247994526682013,2.0,,,,,,,,,,,,0.16962025316455695,0.0008101265822784811,1.607935489752723,0.1168639629154784,3107.1428571428573,0.10539882369657583
2024-12-02,0.0,3100.0,15.0,25,347,239,265.0,19735.0,1.8430714151368779,5.0,,,,,,,,,,,,0.1570813275905751,0.0007600709399543957,1.7247994526682013,0.11827196246867655,3171.4285714285716,0.10881825118291506
2024-12-03,0.0,250.0,15.0,26,347,239,280.0,19720.0,1.9641593767119516,2.0,,,,,,,,,,,,0.012677484787018255,0.0007606490872210953,1.8430714151368779,0.12108796157507373,2814.285714285714,0.11223767866925437
2024-12-04,2.09,0.0,16.0,27,347,239,296.0,19704.0,2.0880633373934225,2.0,,,,,,,,,,,,0.0,0.0008120178643930166,1.9641593767119516,0.12390396068147091,2378.5714285714284,0.11525482056896554
2025-03-05,0.0,400.0,6.0,2,367,239,12.0,19988.0,0.0677800285491225,0.0,,,,,,,,,,,,0.020012007204322592,0.0003001801080648389,0.052336477740461684,0.01544355080866082,266.6666666666667,
2025-03-06,0.0,450.0,10.0,3,367,239,22.0,19978.0,0.08493952944763454,0.0,,,,,,,,,,,,0.022524777254980477,0.0005005506056662329,0.0677800285491225,0.017159500898512037,312.5,
2025-03-07,0.0,500.0,12.0,4,367,239,34.0,19966.0,0.10467295548092337,0.0,,,,,,,,,,,,0.025042572373034158,0.0006010217369528198,0.08493952944763454,0.01973342603328883,350.0,0.017445492580153894
2025-03-08,0.0,550.0,7.0,5,367,239,41.0,19959.0,0.126980306648989,0.0,,,,,,,,,,,,0.027556490806152613,0.0003507189738964878,0.10467295548092337,0.02230735116806562,383.3333333333333,0.018660957227131826
2025-03-09,0.0,650.0,6.0,6,367,239,47.0,19953.0,0.1510036079069058,4.0,,,,,,,,,,,,0.03257655490402446,0.00030070666065253347,0.126980306648989,0.024023301257916824,421.42857142857144,0.019733426033288825
2025-03-10,0.183,700.0,5.0,7,367,239,52.0,19948.0,0.17845880934452507,5.0,,,,,,,,,,,,0.035091237216763584,0.00025065169440545415,0.1510036079069058,0.02745520143761926,521.4285714285714,0.02102038860067723
2025-03-11,0.0,800.0,3.0,8,367,239,55.0,19945.0,0.20762996087199553,2.0,,,,,,,,,,,,0.04011030333416896,0.00015041363750313363,0.17845880934452507,0.029171151527470462,578.5714285714286,0.022184783304504834
2025-03-12,0.0,900.0,6.0,9,367,239,61.0,19939.0,0.24023301257916843,1.0,,,,,,,,,,,,0.04513766989317418,0.00030091779928782786,0.20762996087199553,0.0326030517071729,650.0,0.024636140575720843
2025-03-13,0.0,1100.0,5.0,10,367,239,66.0,19934.0,0.27540998942111805,0.0,,,,,,,,,,,,0.05518210093307916,0.0002508277315139962,0.24023301257916843,0.03517697684194962,742.8571428571429,0.027210065710497645
2025-03-14,0.0,1100.0,12.0,11,367,239,78.0,19922.0,0.3140188664427701,0.0,,,,,,,,,,,,0.055215339825318746,0.00060234916173075,0.27540998942111805,0.038608877021652055,828.5714285714286,0.029906558708835247
2025-03-15,0.0,1250.0,10.0,12,367,239,88.0,19912.0,0.355201668599199,10.0,,,,,,,,,,,,0.06277621534752913,0.000502209722780233,0.3140188664427701,0.04118280215642889,928.5714285714286,0.032603051707172856
2025-03-16,0.0,1350.0,10.0,13,367,239,98.0,19902.0,0.39895839589040466,0.0,,,,,,,,,,,,0.06783237865541152,0.0005024620641141594,0.355201668599199,0.043756727291205666,1028.5714285714287,0.03542211256907126
2025-03-17,0.468,2000.0,8.0,14,367,239,106.0,19894.0,0.4452890483163871,3.0,,,,,,,,,,,,0.10053282396702523,0.0004021312958681009,0.39895839589040466,0.046330652425982444,1214.2857142857142,0.03811860556740886
2025-03-18,0.0,1550.0,19.0,15,367,239,125.0,19875.0,0.4941936258771464,11.0,,,,,,,,,,,,0.0779874213836478,0.0009559748427672956,0.4452890483163871,0.04890457756075928,1321.4285714285713,0.04093766642930726
2025-03-19,0.0,1600.0,16.0,16,367,239,141.0,19859.0,0.5465301036176081,2.0,,,,,,,,,,,,0.08056800443124025,0.0008056800443124024,0.4941936258771464,0.05233647774046174,1421.4285714285713,0.043756727291205666
2025-03-20,0.0,1700.0,10.0,17,367,239,151.0,19849.0,0.6014405064928465,0.0,,,,,,,,,,,,0.0856466320721447,0.0005038037180714394,0.5465301036176081,0.05491040287523841,1507.142857142857,0.04657578815310407
2025-03-21,0.0,1700.0,5.0,18,367,239,156.0,19844.0,0.6589248345028619,2.0,,,,,,,,,,,,0.08566821205402136,0.0002519653295706511,0.6014405064928465,0.05748432801001535,1592.857142857143,0.04927228115144168
2025-03-22,0.0,1850.0,10.0,19,367,239,166.0,19834.0,0.7181251126027284,0.0,,,,,,,,,,,,0.09327417565796108,0.0005041847332862761,0.6589248345028619,0.0592002780998665,1678.5714285714287,0.051846206286218485
2025-03-23,0.0,1900.0,10.0,20,367,239,176.0,19824.0,0.7807572908822973,5.0,,,,,,,,,,,,0.09584342211460856,0.0005044390637610976,0.7181251126027284,0.0626321782795689,1757.142857142857,0.05454269928455609
2025-03-24,0.938,2000.0,13.0,21,367,239,189.0,19811.0,0.8451054192517173,0.0,,,,,,,,,,,,0.10095401544596436,0.0006562011003987683,0.7807572908822973,0.06434812836942005,1757.142857142857,0.05711662441933289
2025-03-25,0.0,2350.0,15.0,22,367,239,204.0,19796.0,0.9111694977109887,0.0,,,,,,,,,,,,0.11871085067690443,0.0007577288341079006,0.8451054192517173,0.06606407845927131,1871.4285714285713,0.059567981690548895
2025-03-26,0.0,3400.0,10.0,23,367,239,214.0,19786.0,0.9798075013050367,5.0,,,,,,,,,,,,0.17183867380976448,0.0005054078641463662,0.9111694977109887,0.06863800359404804,2128.5714285714284,0.06189677109820408
2025-03-27,0.0,2400.0,8.0,24,367,239,222.0,19778.0,1.0510194300338618,5.0,,,,,,,,,,,,0.12134695115785216,0.0004044898371928405,0.9798075013050367,0.07121192872882509,2228.5714285714284,0.06422556050585933
2025-03-28,0.0,2200.0,10.0,25,367,239,232.0,19768.0,1.1230893338076122,0.0,,,,,,,,,,,,0.1112909753136382,0.0005058680696074464,1.0510194300338618,0.07206990377375044,2300.0,0.0663092141863929
2025-03-29,0.0,2200.0,0.0,26,367,239,232.0,19768.0,1.196875187671214,0.0,,,,,,,,,,,,0.1112909753136382,0.0,1.1230893338076122,0.07378585386360181,2350.0,0.06839286786692653
2025-03-30,0.0,2350.0,7.0,27,367,239,239.0,19761.0,1.2723769916246668,3.0,,,,,,,,,,,,0.11892110723141541,0.00035423308537017357,1.196875187671214,0.07550180395345274,2414.285714285714,0.0702313858203385
2025-03-31,1.58,0.0,0.0,28,367,239,239.0,19761.0,1.3495947456679709,0.0,,,,,,,,,,,,0.0,0.0,1.2723769916246668,0.07721775404330411,2128.5714285714284,0.07206990377375051
2025-04-01,0.0,3150.0,7.0,29,367,239,246.0,19754.0,1.4276704747562006,3.0,,,,,,,,,,,,0.15946137491141035,0.00035435861091424523,1.3495947456679709,0.07807572908822968,2242.8571428571427,0.0737858538636017
2025-04-02,0.0,3250.0,12.0,30,367,239,258.0,19742.0,1.5074621539342814,4.0,,,,,,,,,,,,0.1646236450207679,0.0006078411508459123,1.4276704747562006,0.07979167917808083,2221.4285714285716,0.0753792360898921
2025-04-03,0.0,3450.0,12.0,31,367,239,270.0,19730.0,1.588111808157288,1.0,,,,,,,,,,,,0.17486061834769387,0.0006082108464267612,1.5074621539342814,0.08064965422300663,2371.4285714285716,0.0767274825890609
2025-04-04,0.0,3450.0,9.0,32,367,239,279.0,19721.0,1.6696194374252202,0.0,,,,,,,,,,,,0.17494041884285788,0.0004563663100248466,1.588111808157288,0.0815076292679322,2550.0,0.07807572908822971
2025-04-05,0.0,3700.0,9.0,33,367,239,288.0,19712.0,1.7511270666931524,3.0,,,,,,,,,,,,0.18770292207792208,0.0004565746753246753,1.6696194374252202,0.0815076292679322,2764.285714285714,0.07917883986027692
2025-04-06,0.0,3900.0,10.0,34,367,239,298.0,19702.0,1.8343506460509358,5.0,,,,,,,,,,,,0.19794944675667445,0.000507562683991473,1.7511270666931524,0.08322357935778335,2985.714285714286,0.08028195063232414
2025-04-07,2.0,4500.0,8.0,35,367,239,306.0,19694.0,1.917574225408719,0.0,,,,,,,,,,,,0.22849598862597745,0.0004062150908906266,1.8343506460509358,0.08322357935778313,3628.5714285714284,0.08113992567724972
2025-04-08,0.0,4500.0,15.0,36,367,239,321.0,19679.0,2.0007978047665023,0.0,,,,,,,,,,,,0.22867015600386198,0.0007622338533462066,1.917574225408719,0.08322357935778335,3821.4285714285716,0.08187533285861452
